qinv,k
1.859140914,1
1.614979459,2
1.432082249,3
1.317535026,4
1.24583092,5
1.198814314,6
1.166312477,7
1.142747651,8
1.124965296,9
1.111099902,10
1.099996326,11
1.090907872,12
1.083332925,13
1.076922939,14
1.071428525,15
